﻿<?xml version="1.0" encoding="UTF-8" standalone="yes"?>
<addon id="Meurepo" name="Meurepo repository" version="0.0.2" provider-name="ploral">
	<extension point="xbmc.addon.repository" name="Meurepo Add-on Repository">
		<info compressed="false">http://raw.github.com/ploral/Meurepo/master/addons.xml</info>
		<checksum>http://raw.github.com/ploral/Meurepo/master/addons.xml.md5</checksum>
		<datadir zip="true">http://raw.github.com/ploral/Meurepo/master/repo/</datadir>
	</extension>
	<extension point="xbmc.addon.metadata">
		<summary>Demonstration Addon</summary>
		<description>Addon Description</description>
		<disclaimer></disclaimer>
		<platform>all</platform>
	</extension>
</addon>